"","country","company","herf","id","pname","city","latitude","longitude","fullname","population","country_bycoor","continent_bycoor","continent"
"1","AE","Cyacle Bicycle Rental LLC","/v2/networks/adcb-bikeshare","adcb-bikeshare","ADCB Bikeshare","Abu Dhabi","24.450278","54.39","United Arab Emirates",619316,"United Arab Emirates","Asia","Asia"
"2","AE","Nextbike GmbH","/v2/networks/bykystations-uae-dubai","bykystations-uae-dubai","BYKYstations","Dubai","25.2435","55.2722","United Arab Emirates",1182439,NA,NA,NA
"3","AR","Buenos Aires Ciudad","/v2/networks/ecobici-buenos-aires","ecobici-buenos-aires","Ecobici","Buenos Aires","-34.630665","-58.41156","Argentina",11595183,"Argentina","South America","South America"
"4","AR","Mobilicidade Tecnologia LTD<br/>Municipalidad de Rosario","/v2/networks/mibicitubici","mibicitubici","Mi bici tu bici","Rosario","-32.95","-60.65","Argentina",1176177,"Argentina","South America","South America"
"5","AT","Nextbike GmbH","/v2/networks/nextbike-triestingtal","nextbike-triestingtal","LEIHRADL","Triestingtal","47.9835","16.0812","Austria",8831,"Austria","Europe","Europe"
"6","AT","Nextbike GmbH","/v2/networks/nextbike-oberes-ybbstal","nextbike-oberes-ybbstal","LEIHRADL","Oberes Ybbstal","47.8205","15.0073","Austria",11795,"Austria","Europe","Europe"
"7","AT","Nextbike GmbH","/v2/networks/nextbike-tulln","nextbike-tulln","LEIHRADL","Tulln","48.3269","16.0569","Austria",14359,"Austria","Europe","Europe"
"8","AT","Nextbike GmbH","/v2/networks/nextbike-st-polten","nextbike-st-polten","LEIHRADL","St.Pölten","48.2058","15.6232","Austria",48924,"Austria","Europe","Europe"
"9","AT","Nextbike GmbH","/v2/networks/nextbike-thermenregion","nextbike-thermenregion","LEIHRADL","Thermenregion","47.9892","16.2646","Austria",24986,"Austria","Europe","Europe"
"10","AT","Nextbike GmbH","/v2/networks/nextbike-wienerwald","nextbike-wienerwald","LEIHRADL","WienerWald","48.1917","16.1197","Austria",6133,"Austria","Europe","Europe"
"11","AT","Nextbike GmbH","/v2/networks/nextbike-wr-neustadt","nextbike-wr-neustadt","LEIHRADL","Wr.Neustadt","47.8221","16.2498","Austria",38705,"Austria","Europe","Europe"
"12","AT","Nextbike GmbH","/v2/networks/nextbike-traisen-golsental","nextbike-traisen-golsental","LEIHRADL","Traisen-Gölsental","47.9504","15.6129","Austria",6729,"Austria","Europe","Europe"
"13","AT","Nextbike GmbH","/v2/networks/nextbike-wachau","nextbike-wachau","LEIHRADL","Wachau","48.3188","15.4166","Austria",5281,"Austria","Europe","Europe"
"14","AT","Nextbike GmbH","/v2/networks/nextbike-serfaus","nextbike-serfaus","Nextbike","Serfaus","47.0387","10.6048","Austria",7347,"Austria","Europe","Europe"
"15","AT","Gewista Werbegesellschaft m.b.H","/v2/networks/citybike-wien","citybike-wien","Citybike Wien","Wien","48.2081743","16.3738189","Austria",1570976,"Austria","Europe","Europe"
"16","AT","Nextbike GmbH","/v2/networks/nextbike-laa-an-der-thaya","nextbike-laa-an-der-thaya","LEIHRADL","Laa an der Thaya","48.7196","16.3878","Austria",6069,"Austria","Europe","Europe"
"17","AT","Nextbike GmbH","/v2/networks/nextbike-obb-bahnhofe","nextbike-obb-bahnhofe","LEIHRADL","ÖBB-Bahnhöfe","48.0193","16.3092","Austria",16375,"Austria","Europe","Europe"
"18","AT","Nextbike GmbH","/v2/networks/nextbike-hollabrunn","nextbike-hollabrunn","LEIHRADL","Hollabrunn","48.562","16.0785","Austria",11000,"Austria","Europe","Europe"
"19","AT","Nextbike GmbH","/v2/networks/nextbike-sudheide","nextbike-sudheide","LEIHRADL","Südheide","48.1077","16.3937","Austria",5559,"Austria","Europe","Europe"
"20","AT","Nextbike GmbH","/v2/networks/nextbike-modling","nextbike-modling","LEIHRADL","Mödling","48.1047","16.3202","Austria",20743,"Austria","Europe","Europe"
"21","AT","Nextbike GmbH","/v2/networks/nextbike-unteres-traisental","nextbike-unteres-traisental","LEIHRADL","Unteres Traisental","48.3343","15.6878","Austria",5862,"Austria","Europe","Europe"
"22","AT","Nextbike GmbH","/v2/networks/stadtrad-innsbruck-innsbruck","stadtrad-innsbruck-innsbruck","Stadtrad","Innsbruck","47.2632","11.3961","Austria",112084,"Austria","Europe","Europe"
"23","AT","Nextbike GmbH","/v2/networks/nextbike-10vorwien","nextbike-10vorwien","LEIHRADL","Wien","48.3462","16.2735","Austria",7000,"Austria","Europe","Europe"
"24","AT","Nextbike GmbH","/v2/networks/nextbike-tullnerfeld-west","nextbike-tullnerfeld-west","LEIHRADL","Tullnerfeld West","48.2994","15.9065","Austria",7159,"Austria","Europe","Europe"
"25","AT","Nextbike GmbH","/v2/networks/nextbike-romerland","nextbike-romerland","LEIHRADL","Römerland","48.0909","16.853","Austria",5613,"Austria","Europe","Europe"
"26","AT","Nextbike GmbH","/v2/networks/nextbike-neusiedlersee","nextbike-neusiedlersee","LEIHRADL","NeusiedlerSee","47.839","16.761","Austria",1728,"Austria","Europe","Europe"
"27","AT","Nextbike GmbH","/v2/networks/nextbike-marchfeld","nextbike-marchfeld","LEIHRADL","Marchfeld","48.2741","16.7116","Austria",7792,"Austria","Europe","Europe"
"28","AU","Social Bicycles Inc.","/v2/networks/monash-bikeshare","monash-bikeshare","Monash BikeShare","Melbourne, AU","-37.912384102087","145.136228129268","Australia",3780871,"Australia","Australia","Australia"
"29","AU","Social Bicycles Inc.","/v2/networks/curtin-bike-share","curtin-bike-share","Curtin Bike Share","Curtin University, Perth, WA","-32.0034172153127","115.89431270957","Australia",1472075,"Australia","Australia","Australia"
"30","AU","PBSC<br/>Alta Bicycle Share, Inc","/v2/networks/melbourne-bike-share","melbourne-bike-share","Melbourne Bike Share","Melbourne","-37.814107","144.96328","Australia",3780871,"Australia","Australia","Australia"
"31","AU","JCDecaux","/v2/networks/citycycle","citycycle","CityCycle","Brisbane","-27.4710107","153.0234489","Australia",1891999,"Australia","Australia","Australia"
"32","BE","ClearChannel","/v2/networks/velo-antwerpen","velo-antwerpen","Velo Antwerpen","Antwerpen","51.216667","4.4","Belgium",463256,"Belgium","Europe","Europe"
"33","BE","JCDecaux","/v2/networks/villo","villo","villo","Bruxelles","50.8503396","4.3517103","Belgium",1031925,"Belgium","Europe","Europe"
"34","BE","JCDecaux","/v2/networks/li-bia-velo","li-bia-velo","Li bia velo","Namur","50.465328","4.867665","Belgium",106539,"Belgium","Europe","Europe"
"35","BG","Nextbike GmbH","/v2/networks/nextbike-dobrich","nextbike-dobrich","Nextbike","Dobrich","43.567","27.8285","Bulgaria",93614,"Bulgaria","Europe","Europe"
"36","BR","Mobilicidade Tecnologia LTD<br/>Grupo Serttel LTDA","/v2/networks/bikebh","bikebh","BikeBH","Belo Horizonte","-19.920793","-43.922165","Brazil",2399577,"Brazil","South America","South America"
"37","BR","Mobilicidade Tecnologia LTD<br/>Grupo Serttel LTDA","/v2/networks/bikerio","bikerio","BikeRio","Rio de Janeiro","-22.904315","-43.184776","Brazil",6055582,NA,NA,NA
"38","BR","Mobilicidade Tecnologia LTD<br/>Grupo Serttel LTDA","/v2/networks/bikebrasilia","bikebrasilia","BikeBrasilia","Brasília","-15.795115","-47.887424","Brazil",2260541,"Brazil","South America","South America"
"39","BR","Mobilicidade Tecnologia LTD<br/>Grupo Serttel LTDA","/v2/networks/bikesalvador","bikesalvador","BikeSalvador","Salvador","-12.973959","-38.508171","Brazil",2762758,NA,NA,NA
"40","BR","Associação dos Amigos da Riviera de São Lourenço<br/>Sobloco","/v2/networks/rivibike","rivibike","RiviBike","São Lourenço","-22.1124","-45.028","Brazil",42054,"Brazil","South America","South America"
"41","BR","Mobilicidade Tecnologia LTD<br/>Grupo Serttel LTDA","/v2/networks/bikesantos","bikesantos","BikeSantos","Santos","-23.954052","-46.333345","Brazil",410278,"Brazil","South America","South America"
"42","BR","Duke Energy Brasil<br/>Governo de Ipaussu","/v2/networks/dukebike","dukebike","DukeBike","Ipaússu","-23.0553","-49.6237","Brazil",37762,"Brazil","South America","South America"
"43","BR","Mobilicidade Tecnologia LTD<br/>Grupo Serttel LTDA","/v2/networks/bikepetrolina","bikepetrolina","BikePetrolina","Petrolina","-9.389049","-40.502751","Brazil",200743,"Brazil","South America","South America"
"44","BR","Mobilicidade Tecnologia LTD<br/>Grupo Serttel LTDA","/v2/networks/bikerecife","bikerecife","BikeRecife","Recife","-8.047129","-34.873437","Brazil",367860,"Brazil","South America","South America"
"45","BR","Bradesco Seguros","/v2/networks/ciclosampa","ciclosampa","CicloSampa","São Paulo","-23.55","-46.6333","Brazil",10059502,"Brazil","South America","South America"
"46","BR","Mobilicidade Tecnologia LTD<br/>Grupo Serttel LTDA","/v2/networks/bikesampa","bikesampa","BikeSampa","São Paulo","-23.55","-46.6333","Brazil",10059502,"Brazil","South America","South America"
"47","BR","Mobilicidade Tecnologia LTD<br/>Grupo Serttel LTDA","/v2/networks/cajubike","cajubike","CajuBike","Aracajú","-10.987263","-37.051898","Brazil",496109,"Brazil","South America","South America"
"48","BR","Mobilicidade Tecnologia LTD<br/>Grupo Serttel LTDA","/v2/networks/bicicletar","bicicletar","Bicicletar","Fortaleza","-3.7321944","-38.510347","Brazil",2349632,"Brazil","South America","South America"
"49","BR","Prefeiture de Sorocaba<br/>Urbes","/v2/networks/integrabike","integrabike","Integrabike","Sorocaba","-23.5015","-47.4526","Brazil",573728,"Brazil","South America","South America"
"50","BR","Mobilicidade Tecnologia LTD<br/>Grupo Serttel LTDA","/v2/networks/bikepoa","bikepoa","BikePOA","Porto Alegre","-30.033079","-51.23654","Brazil",1380983,"Brazil","South America","South America"
"51","CA","Motivate International, Inc.<br/>PBSC Urban Solutions","/v2/networks/bixi-toronto","bixi-toronto","Bike Share Toronto","Toronto, ON","43.653226","-79.3831843","Canada",4670783,"Canada","North America","North America"
"52","CA","Social Bicycles Inc.","/v2/networks/sobi-hamilton","sobi-hamilton","SoBi","Hamilton, ON","43.2564360191558","-79.8692965507507","Canada",661942,"Canada","North America","North America"
"53","CA","Vanncouver Bike Share Inc<br/>CycleHop LLC<br/>City of Vancouver<br/>Smoove SAS","/v2/networks/mobibikes","mobibikes","Mobi","Vancouver","49.2827","-123.1207","Canada",1839314,"Canada","North America","North America"
"54","CA","CycleHop, LLC<br/>Social Bicycles Inc.","/v2/networks/velogo","velogo","VeloGO","Ottawa, ON","45.4285325522342","-75.6970576741095","Canada",885542,"Canada","North America","North America"
"55","CA","PBSC","/v2/networks/bixi-montreal","bixi-montreal","Bixi","Montreal, QC","45.5086699","-73.5539925","Canada",3280123,"Canada","North America","North America"
"56","CH","Nextbike GmbH","/v2/networks/nextbike-luzern","nextbike-luzern","Nextbike","Luzern","47.0472","8.30446","Switzerland",56683,"Switzerland","Europe","Europe"
"57","CH","Nextbike GmbH","/v2/networks/nextbike-sursee","nextbike-sursee","Nextbike","Sursee","47.1713","8.10877","Switzerland",7970,"Switzerland","Europe","Europe"
"58","CL","Trek Bicycle Corporation<br/>Humana<br/>Crispin Porter + Bogusky","/v2/networks/santiago","santiago","Bike Santiago","Santiago","-33.457","-70.648","Chile",4893495,"Chile","South America","South America"
"59","CO","Sistema de Bicicletas Públicas del Valle de Aburrá","/v2/networks/encicla","encicla","EnCicla","Medellin","6.254942","-75.567982","Colombia",2021392,"Colombia","South America","South America"
"60","CY","Brainbox Technology<br/>Smoove SAS","/v2/networks/easybike-nicosia","easybike-nicosia","EasyBike","Nicosia","35.1739302","33.364726","Cyprus",42372,"Northern Cyprus","Europe","Europe"
"61","CY","Nextbike GmbH","/v2/networks/nextbike-limassol","nextbike-limassol","Nextbike","Limassol","34.6823","33.0464","Cyprus",156286,"Cyprus","Europe","Europe"
"62","DE","Nextbike GmbH","/v2/networks/nextbike-wurzburg","nextbike-wurzburg","Nextbike","Würzburg","49.8","9.93333","Germany",134708,"Germany","Europe","Europe"
"63","DE","Nextbike GmbH","/v2/networks/metropolradruhr-germany-bochum","metropolradruhr-germany-bochum","metropolradruhr","Bochum","51.4813","7.2133","Germany",384208,"Germany","Europe","Europe"
"64","DE","Nextbike GmbH","/v2/networks/kvb-rad","kvb-rad","KVB Rad","Köln","50.9364","6.96053","Germany",960974,"Germany","Europe","Europe"
"65","DE","Nextbike GmbH","/v2/networks/nextbike-frankfurt","nextbike-frankfurt","Nextbike","Frankfurt","50.1072","8.66375","Germany",642811,"Germany","Europe","Europe"
"66","DE","Nextbike GmbH","/v2/networks/ebikestation-stuttgart-germany-vaihingen-an-der-enz","ebikestation-stuttgart-germany-vaihingen-an-der-enz","ebikestation","Vaihingen an der Enz","48.9334","8.96121","Germany",29057,"Germany","Europe","Europe"
"67","DE","Nextbike GmbH","/v2/networks/metropolradruhr-germany-dortmund","metropolradruhr-germany-dortmund","metropolradruhr","Dortmund","51.5141","7.46255","Germany",587233,"Germany","Europe","Europe"
"68","DE","DB Rent GmbH","/v2/networks/callabike-russelsheim","callabike-russelsheim","Call-A-Bike Rüsselsheim","Rüsselsheim","49.9820031","8.4528392","Germany",59759,"Germany","Europe","Europe"
"69","DE","Nextbike GmbH","/v2/networks/ebikestation-stuttgart-germany-waiblingen","ebikestation-stuttgart-germany-waiblingen","ebikestation","Waiblingen","48.8333","9.31667","Germany",53029,"Germany","Europe","Europe"
"70","DE","DB Rent GmbH","/v2/networks/callabike-marburg","callabike-marburg","Call-A-Bike Marburg","Marburg","50.7983011","8.7428139","Germany",79292,"Germany","Europe","Europe"
"71","DE","Nextbike GmbH","/v2/networks/nextbike-norderstedt","nextbike-norderstedt","Nextbike","Norderstedt","53.6969","10.002","Germany",71224,"Germany","Europe","Europe"
"72","DE","Nextbike GmbH","/v2/networks/usedomrad-germany-usedom","usedomrad-germany-usedom","UsedomRad","Usedom","53.9779","13.9925","Germany",40675,"Germany","Europe","Europe"
"73","DE","Nextbike GmbH","/v2/networks/nextbike-ludwigshafen","nextbike-ludwigshafen","VRNnextbike","Ludwigshafen","49.4741","8.43287","Germany",163513,"Germany","Europe","Europe"
"74","DE","DB Rent GmbH","/v2/networks/callabike-berlin","callabike-berlin","Call-A-Bike Berlin","Berlin","52.5075419","13.4251364","Germany",3378275,"Germany","Europe","Europe"
"75","DE","Nextbike GmbH","/v2/networks/metropolradruhr-germany-duisburg","metropolradruhr-germany-duisburg","metropolradruhr","Duisburg","51.4487","6.77513","Germany",502251,"Germany","Europe","Europe"
"76","DE","Nextbike GmbH","/v2/networks/metropolradruhr-germany-essen","metropolradruhr-germany-essen","metropolradruhr","Essen","51.4425","7.02301","Germany",596204,"Germany","Europe","Europe"
"77","DE","Nextbike GmbH","/v2/networks/norisbike-germany-nurnberg","norisbike-germany-nurnberg","NorisBike","Nürnberg","49.4479","11.0814","Germany",493782,"Germany","Europe","Europe"
"78","DE","Nextbike GmbH","/v2/networks/nextbike-tubingen","nextbike-tubingen","Nextbike","Tübingen","48.5203","9.05591","Germany",83723,"Germany","Europe","Europe"
"79","DE","Nextbike GmbH","/v2/networks/nextbike-dusseldorf","nextbike-dusseldorf","Nextbike","Düsseldorf","51.2243","6.77204","Germany",573521,"Germany","Europe","Europe"
"80","DE","Nextbike GmbH","/v2/networks/facherrad-germany-karlsruhe","facherrad-germany-karlsruhe","Fächerrad","Karlsruhe","49.0102","8.41827","Germany",284942,"Germany","Europe","Europe"
"81","DE","DB Rent GmbH","/v2/networks/callabike-frankfurt-airport","callabike-frankfurt-airport","Call-A-Bike Frankfurt Airport","Frankfurt am Main Airport","50.037933","8.562152","Germany",32583,"Germany","Europe","Europe"
"82","DE","Nextbike GmbH","/v2/networks/nextbike-speyer","nextbike-speyer","VRNnextbike","Speyer","49.3126","8.45295","Germany",50447,"Germany","Europe","Europe"
"83","DE","Nextbike GmbH","/v2/networks/nextbike-quickborn","nextbike-quickborn","Nextbike","Quickborn","53.7333","9.90272","Germany",20544,"Germany","Europe","Europe"
"84","DE","DB Rent GmbH","/v2/networks/callabike-luneburg","callabike-luneburg","Call-A-Bike Lüneburg","Lüneburg","53.2390538","10.4226391","Germany",71909,"Germany","Europe","Europe"
"85","DE","Nextbike GmbH","/v2/networks/nextbike-augsburg","nextbike-augsburg","SWA Rad","Augsburg","48.3647","10.8916","Germany",259168,"Germany","Europe","Europe"
"86","DE","Nextbike GmbH","/v2/networks/metropolradruhr-germany-hamm","metropolradruhr-germany-hamm","metropolradruhr","Hamm","51.6775","7.84836","Germany",185677,"Germany","Europe","Europe"
"87","DE","Mainzer Verkehrsgesellschaft mbH (MVG)","/v2/networks/mvgmeinrad","mvgmeinrad","MVGmeinrad","Mainz","49.992862","8.247253","Germany",184500,"Germany","Europe","Europe"
"88","DE","Nextbike GmbH","/v2/networks/ebikestation-stuttgart-germany-herrenberg","ebikestation-stuttgart-germany-herrenberg","ebikestation","Herrenberg","48.595","8.86716","Germany",31575,"Germany","Europe","Europe"
"89","DE","Nextbike GmbH","/v2/networks/nextbike-hamburg","nextbike-hamburg","Nextbike","Hamburg","53.5506","9.99052","Germany",1743891,"Germany","Europe","Europe"
"90","DE","DB Rent GmbH","/v2/networks/callabike-stuttgart","callabike-stuttgart","Call-A-Bike Stuttgart","Stuttgart","48.779209","9.1772152","Germany",590367,"Germany","Europe","Europe"
"91","DE","Nextbike GmbH","/v2/networks/sz-bike-germany-dresden","sz-bike-germany-dresden","SZ-bike","Dresden","51.0535","13.7387","Germany",489883,"Germany","Europe","Europe"
"92","DE","DB Rent GmbH","/v2/networks/callabike-munchen","callabike-munchen","Call-A-Bike München","München","48.1549107","11.5418357","Germany",1272179,"Germany","Europe","Europe"
"93","DE","DB Rent GmbH","/v2/networks/callabike-frankfurt","callabike-frankfurt","Call-A-Bike Frankfurt","Frankfurt am Main","50.121212","8.6365638","Germany",642811,"Germany","Europe","Europe"
"94","DE","Nextbike GmbH","/v2/networks/ebikestation-stuttgart-germany-bietigheim-bissingen","ebikestation-stuttgart-germany-bietigheim-bissingen","ebikestation","Bietigheim-Bissingen","48.9495","9.12518","Germany",41972,"Germany","Europe","Europe"
"95","DE","Nextbike GmbH","/v2/networks/metropolradruhr-germany-herne","metropolradruhr-germany-herne","metropolradruhr","Herne","51.5363","7.21493","Germany",171360,"Germany","Europe","Europe"
"96","DE","Nextbike GmbH","/v2/networks/nextbike-offenbach-am-main","nextbike-offenbach-am-main","Nextbike","Offenbach am Main","50.1093","8.73825","Germany",119184,"Germany","Europe","Europe"
"97","DE","DB Rent GmbH","/v2/networks/konrad","konrad","Konrad","Kassel","51.3148861","9.4606148","Germany",194684,"Germany","Europe","Europe"
"98","DE","DB Rent GmbH","/v2/networks/callabike-darmstadt","callabike-darmstadt","Call-A-Bike Darmstadt","Darmstadt","49.8707135","8.6527299","Germany",141016,"Germany","Europe","Europe"
"99","DE","DB Rent GmbH","/v2/networks/callabike-wiesbaden","callabike-wiesbaden","Call-A-Bike Wiesbaden","Wiesbaden","50.0724825","8.2483534","Germany",272862,"Germany","Europe","Europe"
"100","DE","Nextbike GmbH","/v2/networks/ebikestation-stuttgart-germany-schwieberdingen","ebikestation-stuttgart-germany-schwieberdingen","ebikestation","Schwieberdingen","48.8723","9.07419","Germany",24201,"Germany","Europe","Europe"
"101","DE","Nextbike GmbH","/v2/networks/nextbike-friedrichshafen","nextbike-friedrichshafen","Nextbike","Friedrichshafen","47.6519","9.47837","Germany",58767,"Germany","Europe","Europe"
"102","DE","Nextbike GmbH","/v2/networks/nextbike-offenburg","nextbike-offenburg","Nextbike","Offenburg","48.4721","7.94243","Germany",59596,"Germany","Europe","Europe"
"103","DE","DB Rent GmbH","/v2/networks/stadtrad","stadtrad","StadtRAD Hamburg","Hamburg","53.558572","9.9278215","Germany",1743891,"Germany","Europe","Europe"
"104","DE","Nextbike GmbH","/v2/networks/nextbike-leipzig","nextbike-leipzig","Nextbike","Leipzig","51.3415","12.3625","Germany",502467,"Germany","Europe","Europe"
"105","DE","DB Rent GmbH","/v2/networks/callabike-koln","callabike-koln","Call-A-Bike Köln","Köln","50.9572449","6.9673223","Germany",960974,"Germany","Europe","Europe"
"106","DE","Nextbike GmbH","/v2/networks/metropolradruhr-germany-gelsenkirchen","metropolradruhr-germany-gelsenkirchen","metropolradruhr","Gelsenkirchen","51.5404","7.07039","Germany",267673,"Germany","Europe","Europe"
"107","DE","Nextbike GmbH","/v2/networks/metropolradruhr-germany-oberhausen","metropolradruhr-germany-oberhausen","metropolradruhr","Oberhausen","51.4936","6.85169","Germany",218356,"Germany","Europe","Europe"
"108","DE","Nextbike GmbH","/v2/networks/mvgrad","mvgrad","MVG Rad","München","48.1392","11.5791","Germany",1272179,"Germany","Europe","Europe"
"109","DE","Nextbike GmbH","/v2/networks/nextbike-potsdam","nextbike-potsdam","Nextbike","Potsdam","52.3997","13.0676","Germany",148296,"Germany","Europe","Europe"
"110","DE","Nextbike GmbH","/v2/networks/metropolradruhr-germany-mulheim-a-d-r","metropolradruhr-germany-mulheim-a-d-r","metropolradruhr","Mülheim a.d.R.","51.4308","6.87401","Germany",168099,"Germany","Europe","Europe"
"111","DE","Nextbike GmbH","/v2/networks/metropolradruhr-germany-bottrop","metropolradruhr-germany-bottrop","metropolradruhr","Bottrop","51.5263","6.94611","Germany",119515,"Germany","Europe","Europe"
"112","DE","Nextbike GmbH","/v2/networks/nextbike-berlin","nextbike-berlin","Nextbike","Berlin","52.5087","13.3563","Germany",3378275,"Germany","Europe","Europe"
"113","DE","Nextbike GmbH","/v2/networks/nextbike-flensburg","nextbike-flensburg","Nextbike","Flensburg","54.7804","9.43571","Germany",86311,"Germany","Europe","Europe"
"114","DE","Nextbike GmbH","/v2/networks/nextbike-magdeburg","nextbike-magdeburg","Nextbike","Magdeburg","52.1268","11.6342","Germany",226114,"Germany","Europe","Europe"
"115","DE","Nextbike GmbH","/v2/networks/nextbike-heidelberg","nextbike-heidelberg","VRNnextbike","Heidelberg","49.4113","8.68933","Germany",143735,"Germany","Europe","Europe"
"116","DE","Nextbike GmbH","/v2/networks/nextbike-munchen","nextbike-munchen","Nextbike","München","48.1392","11.5791","Germany",1272179,"Germany","Europe","Europe"
"117","DE","Nextbike GmbH","/v2/networks/nextbike-mannheim","nextbike-mannheim","VRNnextbike","Mannheim","49.4621","8.49054","Germany",163513,"Germany","Europe","Europe"
"118","DE","Nextbike GmbH","/v2/networks/nextbike-gutersloh","nextbike-gutersloh","Nextbike","Gütersloh","51.9049","8.39275","Germany",96471,"Germany","Europe","Europe"
"119","DK","Gobike A/S","/v2/networks/bycyklen","bycyklen","Bycyklen","Copenhagen","55.673582","12.564984","Denmark",1091978,NA,NA,"Europe"
"120","ES","Ayuntamiento de Bilbao","/v2/networks/bilbon-bizi","bilbon-bizi","Bilbon Bizi","Bilbao","43.2627707","-2.9371822","Spain",350782,"Spain","Europe","Europe"
"121","ES","Tuimil S.A.","/v2/networks/bici-ferrol-terra","bici-ferrol-terra","BiciFerrolTerra","Ferrol - Narón","43.4896","-8.2193","Spain",76707,"Spain","Europe","Europe"
"122","ES","ClearChannel","/v2/networks/bicing","bicing","Bicing","Barcelona","41.3850639","2.1734035","Spain",1591485,"Spain","Europe","Europe"
"123","ES","ClearChannel","/v2/networks/bizi","bizi","Bizi","Zaragoza","41.6487908","-0.8895811","Spain",658186,"Spain","Europe","Europe"
"124","ES","Domoblue","/v2/networks/onroll-redondela","onroll-redondela","Onroll","Redondela","42.299964","-8.615428","Spain",30225,"Spain","Europe","Europe"
"125","ES","Domoblue","/v2/networks/onroll-priego-de-cordoba","onroll-priego-de-cordoba","Onroll","Priego de Córdoba","37.440517","-4.201188","Spain",23124,"Spain","Europe","Europe"
"126","ES","Domoblue","/v2/networks/onroll-paiporta","onroll-paiporta","Onroll","Paiporta","39.427609","-0.416876","Spain",14398,"Spain","Europe","Europe"
"127","ES","Domoblue","/v2/networks/onroll-o-barco","onroll-o-barco","Onroll","O Barco","42.413993","-6.982913","Spain",13693,"Spain","Europe","Europe"
"128","ES","Domoblue","/v2/networks/onroll-novelda","onroll-novelda","Onroll","Novelda","38.386447","-0.767134","Spain",26156,"Spain","Europe","Europe"
"129","ES","Domoblue","/v2/networks/onroll-mula","onroll-mula","Onroll","Mula","38.040805","-1.497451","Spain",16107,"Spain","Europe","Europe"
"130","ES","Domoblue","/v2/networks/onroll-montilla","onroll-montilla","Onroll","Montilla","37.584151","-4.641359","Spain",23244,"Spain","Europe","Europe"
"131","ES","Domoblue","/v2/networks/onroll-las-palmas","onroll-las-palmas","Onroll","Las Palmas de Gran Canaria","28.124302","-15.425994","Spain",381989,"Spain","Europe","Europe"
"132","ES","Domoblue","/v2/networks/onroll-lalin","onroll-lalin","Onroll","Lalín","42.658626","-8.114976","Spain",20947,"Spain","Europe","Europe"
"133","ES","Domoblue","/v2/networks/onroll-jaen","onroll-jaen","Onroll","Jaén","37.777738","-3.790758","Spain",117039,"Spain","Europe","Europe"
"134","ES","Domoblue","/v2/networks/onroll-el-campello","onroll-el-campello","Onroll","El Campello","38.419616","-0.398388","Spain",24151,NA,NA,NA
"135","ES","Domoblue","/v2/networks/onroll-elche","onroll-elche","Onroll","Elche","38.2668","-0.696217","Spain",215942,"Spain","Europe","Europe"
"136","ES","Domoblue","/v2/networks/onroll-guadalajara","onroll-guadalajara","Onroll","Guadalajara","40.633021","-3.166097","Spain",73852,"Spain","Europe","Europe"
"137","ES","Bonopark SL","/v2/networks/bicimad","bicimad","BiciMAD","Madrid","40.4168","-3.7038","Spain",3146804,"Spain","Europe","Europe"
"138","ES","Domoblue","/v2/networks/onroll-cieza","onroll-cieza","Onroll","Cieza","38.239139","-1.417262","Spain",34147,"Spain","Europe","Europe"
"139","ES","Domoblue","/v2/networks/onroll-blanca","onroll-blanca","Onroll","Blanca","38.178195","-1.372402","Spain",12890,"Spain","Europe","Europe"
"140","ES","Domoblue","/v2/networks/onroll-benidorm","onroll-benidorm","Onroll","Benidorm","38.541251","-0.126808","Spain",70088,NA,NA,NA
"141","ES","Domoblue","/v2/networks/onroll-baeza","onroll-baeza","Onroll","Baeza","37.99537","-3.468248","Spain",15279,"Spain","Europe","Europe"
"142","ES","Domoblue","/v2/networks/onroll-badajoz","onroll-badajoz","Onroll","Badajoz","38.873627","-6.99451","Spain",141366,"Spain","Europe","Europe"
"143","ES","Domoblue","/v2/networks/onroll-aranjuez","onroll-aranjuez","Onroll","Aranjuez","40.03097","-3.605742","Spain",43560,"Spain","Europe","Europe"
"144","ES","Domoblue","/v2/networks/onroll-aranda-de-duero","onroll-aranda-de-duero","Onroll","Aranda de Duero","41.667601","-3.689526","Spain",31261,"Spain","Europe","Europe"
"145","ES","Labici Bicicletas Públicas SL","/v2/networks/ponfemobi","ponfemobi","PonfeMobi","Ponferrada","42.5499958","-6.598259","Spain",65983,"Spain","Europe","Europe"
"146","ES","Labici Bicicletas Públicas SL","/v2/networks/muybici","muybici","MuyBici","Murcia","37.9922399","-1.1306544","Spain",415159,"Spain","Europe","Europe"
"147","ES","ITCL","/v2/networks/bicileon","bicileon","Bicileon","León","42.5987263","-5.5670959","Spain",136952,"Spain","Europe","Europe"
"148","ES","Domoblue","/v2/networks/onroll-universidad-de-granada","onroll-universidad-de-granada","Onroll","Universidad de Granada, Granada","37.182438","-3.604219","Spain",237592,"Spain","Europe","Europe"
"149","ES","Domoblue","/v2/networks/onroll-villaquilambre","onroll-villaquilambre","Onroll","Villaquilambre","42.642358","-5.535311","Spain",13589,"Spain","Europe","Europe"
"150","ES","Domoblue","/v2/networks/onroll-vinaros","onroll-vinaros","Onroll","Vinaròs","40.468258","0.466972","Spain",25127,"Spain","Europe","Europe"
"151","ES","Domoblue","/v2/networks/onroll-via-verde","onroll-via-verde","Onroll Via Verde","Noia - Portosin - Porto do Son","42.768127","-8.908513","Spain",26767,"Spain","Europe","Europe"
"152","ES","Domoblue","/v2/networks/onroll-ubeda","onroll-ubeda","Onroll","Úbeda","38.011463","-3.373276","Spain",33806,"Spain","Europe","Europe"
"153","ES","Domoblue","/v2/networks/onroll-talavera","onroll-talavera","Onroll","Talavera de la Reina","39.961829","-4.830319","Spain",82114,"Spain","Europe","Europe"
"154","ES","Domoblue","/v2/networks/onroll-segovia","onroll-segovia","Onroll","Segovia","40.941941","-4.112397","Spain",55766,"Spain","Europe","Europe"
"155","ES","Domoblue","/v2/networks/onroll-soria","onroll-soria","Onroll","Soria","41.763653","-2.467069","Spain",36518,"Spain","Europe","Europe"
"156","ES","Domoblue","/v2/networks/onroll-sant-joan","onroll-sant-joan","Onroll","Sant Joan d'Alacant","38.399839","-0.434522","Spain",20834,"Spain","Europe","Europe"
"157","ES","Domoblue","/v2/networks/onroll-san-pedro","onroll-san-pedro","Onroll","San Pedro del Pinatar","37.827578","-0.783944","Spain",19921,"Spain","Europe","Europe"
"158","ES","Domoblue","/v2/networks/onroll-san-javier","onroll-san-javier","Onroll","San Javier","37.783704","-0.808097","Spain",27590,"Spain","Europe","Europe"
"159","ES","Domoblue","/v2/networks/onroll-salamanca","onroll-salamanca","Onroll","Salamanca","40.966771","-5.665432","Spain",163815,"Spain","Europe","Europe"
"160","ES","ICNITA S.L.","/v2/networks/girocleta","girocleta","Girocleta","Girona","41.9794005","2.8214264","Spain",88626,"Spain","Europe","Europe"
"161","ES","Domoblue","/v2/networks/onroll-puertollano","onroll-puertollano","Onroll","Puertollano","38.691396","-4.107794","Spain",50114,"Spain","Europe","Europe"
"162","ES","Domoblue","/v2/networks/onroll-puerto-lumbreras","onroll-puerto-lumbreras","Onroll","Puerto Lumbreras","37.556652","-1.811508","Spain",12499,"Spain","Europe","Europe"
"163","ES","Domoblue","/v2/networks/onroll-palencia","onroll-palencia","Onroll","Palencia","42.005639","-4.527022","Spain",81278,"Spain","Europe","Europe"
"164","ES","Labici Bicicletas Públicas SL","/v2/networks/bicialtea","bicialtea","Bicialtea","Altea","38.6029075","-0.0450666","Spain",21313,"Spain","Europe","Europe"
"165","ES","Domoblue","/v2/networks/onroll-pinto","onroll-pinto","Onroll","Pinto","40.245741","-3.698611","Spain",38410,"Spain","Europe","Europe"
"166","ES","Tuimil S.A.","/v2/networks/bicicorunha","bicicorunha","Bicicoruña","A Coruña","43.3623","-8.4115","Spain",243088,"Spain","Europe","Europe"
"167","ES","Labici Bicicletas Públicas SL","/v2/networks/vaibike","vaibike","VaiBike","Vilagarcía de Arousa","42.5999265","-8.7885744","Spain",36072,"Spain","Europe","Europe"
"168","ES","Comunicare S.r.l.","/v2/networks/nbici","nbici","nbici","Pamplona","42.8116631","-1.6482653","Spain",194809,"Spain","Europe","Europe"
"169","ES","Domoblue","/v2/networks/onroll-antequera","onroll-antequera","Onroll","Antequera","37.018427","-4.563775","Spain",43379,"Spain","Europe","Europe"
"170","ES","JCDecaux","/v2/networks/valenbisi","valenbisi","Valenbisi","Valencia","39.4699075","-0.3762881","Spain",803438,"Spain","Europe","Europe"
"171","ES",NA,"/v2/networks/bicipalma","bicipalma","Bicipalma","Palma","39.57119","2.646634","Spain",381285,"Spain","Europe","Europe"
"172","ES","Labici Bicicletas Públicas SL","/v2/networks/bicidorm","bicidorm","Bicidorm","Benidorm","38.5410566","-0.1224937","Spain",70088,NA,NA,NA
"173","ES","Domoblue","/v2/networks/onroll-albacete","onroll-albacete","Onroll","Albacete","38.98913","-1.858485","Spain",159975,"Spain","Europe","Europe"
"174","ES","Labici Bicicletas Públicas SL","/v2/networks/gbici","gbici","Gbici","Getafe","40.3082504","-3.7323934","Spain",156817,"Spain","Europe","Europe"
"175","ES","Domoblue","/v2/networks/onroll-a-rua","onroll-a-rua","Onroll","A Rúa","42.392049","-7.114634","Spain",13693,"Spain","Europe","Europe"
"176","ES","Labici Bicicletas Públicas SL","/v2/networks/saforbici","saforbici","SaforBici","Gandía","38.968032","-0.1844671","Spain",62176,"Spain","Europe","Europe"
"177","ES","JCDecaux","/v2/networks/tusbic","tusbic","Tusbic","Santander","43.4623057","-3.8099803","Spain",183184,"Spain","Europe","Europe"
"178","ES","Domoblue","/v2/networks/onroll-don-benito-villanueva","onroll-don-benito-villanueva","Onroll","Don Benito - Villanueva","38.964699","-5.829693","Spain",24547,"Spain","Europe","Europe"
"179","ES","Domoblue","/v2/networks/onroll-alhama-de-murcia","onroll-alhama-de-murcia","Onroll","Alhama de Murcia","37.849831","-1.424891","Spain",18687,"Spain","Europe","Europe"
"180","ES","Domoblue","/v2/networks/onroll-almunecar","onroll-almunecar","Onroll","Almuñécar","36.735789","-3.688828","Spain",23232,NA,NA,NA
"181","ES","JCDecaux","/v2/networks/sevici","sevici","Sevici","Sevilla","37.3880961","-5.9823299","Spain",8112,"Spain","Europe","Europe"
"182","FI","Helsinki City Transport<br/>Helsinki Regional Transport<br/>CityBikeFinland<br/>Smoove SAS<br/>Moventia<br/>Alepa","/v2/networks/citybikes-helsinki","citybikes-helsinki","City bikes","Helsinki","60.1698557","24.938379","Finland",558341,"Finland","Europe","Europe"
"183","FR","Veolia","/v2/networks/dkvelo","dkvelo","DK'Vélo","Dunkerque","51.0383","2.3775","France",25337,"France","Europe","Europe"
"184","FR","Veolia","/v2/networks/velobleu","velobleu","Vélo Bleu","Nice","43.695949","7.271413","France",337891,NA,NA,NA
"185","FR","JCDecaux","/v2/networks/velam","velam","Velam","Amiens","49.894067","2.295753","France",143874,"France","Europe","Europe"
"186","FR","JCDecaux","/v2/networks/le-velo","le-velo","Le vélo","Marseille","43.296482","5.36978","France",793352,"France","Europe","Europe"
"187","FR","Keolis<br/>STAP","/v2/networks/idecycle","idecycle","IDECycle","Pau","43.2951","-0.370797","France",83048,"France","Europe","Europe"
"188","FR","Smoove","/v2/networks/libelo","libelo","Libélo","Valence","44.922726","4.905634","France",63549,"France","Europe","Europe"
"189","FR","Smoove","/v2/networks/c-velo","c-velo","C.Vélo","Clermont-Ferrand","45.770958","3.073871","France",138524,"France","Europe","Europe"
"190","FR","JCDecaux","/v2/networks/velo2","velo2","Velo2","Cergy","49.035617","2.060325","France",55745,"France","Europe","Europe"
"191","FR","Veolia","/v2/networks/velocea","velocea","Vélocéa","Vannes","47.6559","-2.7603","France",54062,"France","Europe","Europe"
"192","FR","JCDecaux","/v2/networks/velib","velib","Velib","Paris","48.856614","2.3522219","France",2141839,"France","Europe","Europe"
"193","FR","JCDecaux","/v2/networks/bicloo","bicloo","Bicloo","Nantes","47.218371","-1.553621","France",277979,"France","Europe","Europe"
"194","FR","Smoove","/v2/networks/velivert","velivert","VéliVert","Saint-Étienne","45.396667","4.290833","France",17630,"France","Europe","Europe"
"195","FR","Smoove","/v2/networks/velopop","velopop","Vélopop","Avignon","43.943689","4.805833","France",90071,"France","Europe","Europe"
"196","FR","JCDecaux","/v2/networks/velocite-besancon","velocite-besancon","VéloCité","Besançon","47.237829","6.0240539","France",129585,"France","Europe","Europe"
"197","FR","Veolia","/v2/networks/vel-in","vel-in","Vél'in","Calais","50.95","1.85","France",73981,"France","Europe","Europe"
"198","FR","Keolis","/v2/networks/vlille","vlille","V'lille","Lille","50.62925","3.057256","France",234464,"France","Europe","Europe"
"199","FR","JCDecaux","/v2/networks/cristolib","cristolib","Cristolib","Créteil","48.790367","2.455572","France",85215,"France","Europe","Europe"
"200","FR","JCDecaux","/v2/networks/velocite-mulhouse","velocite-mulhouse","VéloCité","Mulhouse","47.750839","7.335888","France",12788,"France","Europe","Europe"
"201","FR","JCDecaux","/v2/networks/velostanlib","velostanlib","vélOstan'lib","Nancy","48.692054","6.184417","France",105456,"France","Europe","Europe"
"202","FR","JCDecaux","/v2/networks/velo","velo","Vélô","Toulouse","43.604652","1.444209","France",439228,"France","Europe","Europe"
"203","FR","JCDecaux","/v2/networks/velov","velov","Vélo'V","Lyon","45.764043","4.835659","France",475995,"France","Europe","Europe"
"204","FR","JCDecaux","/v2/networks/cyclic","cyclic","cy'clic","Rouen","49.443232","1.099971","France",113508,"France","Europe","Europe"
"205","GB","Nextbike GmbH","/v2/networks/nextbike-bath","nextbike-bath","Nextbike","Bath","51.382","-2.36275","United Kingdom",93963,"United Kingdom","Europe","Europe"
"206","GB","PBSC<br/>Serco Group plc","/v2/networks/santander-cycles","santander-cycles","Santander Cycles","London","51.5112139","-0.1198244","United Kingdom",7489022,"United Kingdom","Europe","Europe"
"207","GB","Nextbike GmbH","/v2/networks/nextbike-uni-warwick","nextbike-uni-warwick","UniCycles @ Warwick","Coventry","52.3815","-1.56159","United Kingdom",22925,"United Kingdom","Europe","Europe"
"208","GB","Nextbike GmbH","/v2/networks/nextbike-stirling","nextbike-stirling","Nextbike","Stirling","56.1165","-3.9369","United Kingdom",33216,"United Kingdom","Europe","Europe"
"209","GB","Nextbike GmbH","/v2/networks/belfastbikes-belfast","belfastbikes-belfast","BelfastBikes","Belfast","54.5969","-5.92918","United Kingdom",274678,"United Kingdom","Europe","Europe"
"210","GB","Nextbike GmbH","/v2/networks/nextbike-glasgow","nextbike-glasgow","Nextbike","Glasgow","55.8589","-4.25549","United Kingdom",607192,"United Kingdom","Europe","Europe"
"211","GE","Smoove","/v2/networks/batumvelo","batumvelo","Batumvelo","Batumi","41.660906","41.678835","Georgia",117063,"Georgia","Europe","Europe"
"212","GR","Brainbox Technology<br/>Smoove SAS","/v2/networks/athens-bikes","athens-bikes","AthensBikes","Athens","37.9838","23.7275","Greece",725049,"Greece","Europe","Europe"
"213","GR","Cyclopolis Systems","/v2/networks/cyclopolis-kiato","cyclopolis-kiato","Cyclopolis","Kιato","38.0132674508","22.7493819902","Greece",10100,"Greece","Europe","Europe"
"214","GR","Cyclopolis Systems","/v2/networks/cyclopolis-moschatotavros","cyclopolis-moschatotavros","Cyclopolis","Μoschato-Tavros","37.9538991434","23.6824746661","Greece",23624,"Greece","Europe","Europe"
"215","GR","Brainbox Technology<br/>Smoove SAS","/v2/networks/easybike-nafpaktos","easybike-nafpaktos","EasyBike","Nafpaktos","38.3904882173","21.8241262436","Greece",14020,"Greece","Europe","Europe"
"216","GR","Brainbox Technology<br/>Smoove SAS","/v2/networks/easybike-rethymno","easybike-rethymno","EasyBike","Rethymno","35.3667571777","24.4832845736","Greece",30429,"Greece","Europe","Europe"
"217","GR","Brainbox Technology<br/>Smoove SAS","/v2/networks/thessbike","thessbike","ThessBike","Thessaloniki","40.6403167","22.9352716","Greece",351646,"Greece","Europe","Europe"
"218","GR","Brainbox Technology<br/>Smoove SAS","/v2/networks/easybike-irakleio","easybike-irakleio","EasyBike","Irakleio","35.338735","25.144213","Greece",138749,"Greece","Europe","Europe"
"219","GR","Brainbox Technology<br/>Smoove SAS","/v2/networks/easybike-mani","easybike-mani","EasyBike","Mani","41.4097472","26.4024952","Greece",1571,"Greece","Europe","Europe"
"220","GR","Cyclopolis Systems","/v2/networks/cyclopolis-nafplio","cyclopolis-nafplio","Cyclopolis","Maroussi","37.5639397319","22.8093402872","Greece",14779,"Greece","Europe","Europe"
"221","GR","Cyclopolis Systems","/v2/networks/cyclopolis-maroussi","cyclopolis-maroussi","Cyclopolis","Maroussi","38.0568722388","23.8083299536","Greece",72985,"Greece","Europe","Europe"
"222","GR","Brainbox Technology<br/>Smoove SAS","/v2/networks/easybike-komotini","easybike-komotini","EasyBike","Komotini","41.117833","25.4041307","Greece",46234,"Greece","Europe","Europe"
"223","GR","Brainbox Technology<br/>Smoove SAS","/v2/networks/easybike-patra","easybike-patra","EasyBike","Patra","38.2410966371","21.7259683418","Greece",164059,"Greece","Europe","Europe"
"224","GR","Cyclopolis Systems","/v2/networks/cyclopolis-limnos","cyclopolis-limnos","Cyclopolis","Limnos","39.8747861","25.0586722","Greece",5485,NA,NA,NA
"225","GR","Brainbox Technology<br/>Smoove SAS","/v2/networks/easybike-drapetsona","easybike-drapetsona","EasyBike","Drapetsona","37.9490926","23.6282598","Greece",77511,NA,NA,NA
"226","GR","Cyclopolis Systems","/v2/networks/cyclopolis-neasmyrni","cyclopolis-neasmyrni","Cyclopolis","Νea Smyrni","37.9381","23.7126","Greece",66652,"Greece","Europe","Europe"
"227","GR","Cyclopolis Systems","/v2/networks/cyclopolis-aigialeia","cyclopolis-aigialeia","Cyclopolis","Maroussi","38.2511101325","22.0821570196","Greece",20552,"Greece","Europe","Europe"
"228","GR","Cyclopolis Systems","/v2/networks/cyclopolis-marathon","cyclopolis-marathon","Cyclopolis","Marathon","38.0855680022","23.9776389963","Greece",14914,"Greece","Europe","Europe"
"229","GR","Cyclopolis Systems","/v2/networks/cyclopolis-florina","cyclopolis-florina","Cyclopolis","Florina","40.8016111","21.4245222","Greece",1166,"Greece","Europe","Europe"
"230","GR","Brainbox Technology<br/>Smoove SAS","/v2/networks/easybike-glyfada","easybike-glyfada","EasyBike","Glyfada","37.8715809825","23.7355544376","Greece",18454,NA,NA,NA
"231","GR","Brainbox Technology<br/>Smoove SAS","/v2/networks/easybike-didymoteicho","easybike-didymoteicho","EasyBike","Didymoteicho","41.3502539849","26.4972960949","Greece",8957,"Greece","Europe","Europe"
"232","GR","Brainbox Technology<br/>Smoove SAS","/v2/networks/easybike-kavala","easybike-kavala","EasyBike","Kavala","40.9369068","24.4122164","Greece",59378,"Greece","Europe","Europe"
"233","GR","Brainbox Technology<br/>Smoove SAS","/v2/networks/easybike-kinouria","easybike-kinouria","EasyBike","Kinouria","37.1476704305","22.8933729935","Greece",2970,"Greece","Europe","Europe"
"234","GR","Cyclopolis Systems","/v2/networks/cyclopolis-rhodes","cyclopolis-rhodes","Cyclopolis","Rhodes","36.4509118","28.2246966","Greece",57148,NA,NA,NA
"235","GR","Brainbox Technology<br/>Smoove SAS","/v2/networks/easybike-ioannina","easybike-ioannina","EasyBike","Ioannina","39.6639818","20.8522784","Greece",64585,"Greece","Europe","Europe"
"236","GR","Brainbox Technology<br/>Smoove SAS","/v2/networks/easybike-igoumenitsa","easybike-igoumenitsa","EasyBike","Igoumenitsa","39.5005770633","20.2635206985","Greece",9702,"Greece","Europe","Europe"
"237","GR","Cyclopolis Systems","/v2/networks/cyclopolis-arxaiaolympia","cyclopolis-arxaiaolympia","Cyclopolis","Αrxaia Olympia","37.6419700934","21.6247265179","Greece",1184,"Greece","Europe","Europe"
"238","GR","Brainbox Technology<br/>Smoove SAS","/v2/networks/easybike-samos","easybike-samos","EasyBike","Samos","37.754065919","26.9787850189","Greece",1849,"Greece","Europe","Europe"
"239","GR","Brainbox Technology<br/>Smoove SAS","/v2/networks/easybike-karditsa","easybike-karditsa","EasyBike","Karditsa","39.3634604","21.9211192","Greece",32974,"Greece","Europe","Europe"
"240","HR","Nextbike GmbH","/v2/networks/nextbike-gospic","nextbike-gospic","Nextbike","Gospić","44.5469","15.375","Croatia",6125,"Croatia","Europe","Europe"
"241","HR","Nextbike GmbH","/v2/networks/bike-point-sibenik-sibenik","bike-point-sibenik-sibenik","Bike Point","Šibenik","43.733","15.8982","Croatia",37120,"Croatia","Europe","Europe"
"242","HR","Nextbike GmbH","/v2/networks/nextbike-karlovac","nextbike-karlovac","Nextbike","Karlovac","45.4905","15.5503","Croatia",47868,"Croatia","Europe","Europe"
"243","HR","Nextbike GmbH","/v2/networks/nextbike-zagreb","nextbike-zagreb","Nextbike","Zagreb","45.7988","15.9643","Croatia",700717,"Croatia","Europe","Europe"
"244","HU","Nextbike GmbH","/v2/networks/bubi","bubi","MOL Bubi","Budapest","47.497912","19.040235","Hungary",1700019,"Hungary","Europe","Europe"
"245","IE","The National Transport Authority","/v2/networks/galway","galway","Coca-Cola Zero® Bikes","Galway","53.2783491544","-9.05069143207","Ireland",72237,"Ireland","Europe","Europe"
"246","IE","The National Transport Authority","/v2/networks/limerick","limerick","Coca-Cola Zero® Bikes","Limerick","52.668746","-8.627809","Ireland",91119,"Ireland","Europe","Europe"
"247","IE","The National Transport Authority","/v2/networks/cork","cork","Coca-Cola Zero® Bikes","Cork","51.893604","-8.494174","Ireland",189692,"Ireland","Europe","Europe"
"248","IE","JCDecaux","/v2/networks/dublinbikes","dublinbikes","dublinbikes","Dublin","53.3498053","-6.2603097","Ireland",1030431,"Ireland","Europe","Europe"
"249","IT","Comunicare S.r.l.","/v2/networks/ossola","ossola","Comunità Montana Valli dell'Ossola","Santa Maria Maggiore - Malesco - Villette","46.127196","8.499169","Italy",18402,"Italy","Europe","Europe"
"250","IT","Comunicare S.r.l.","/v2/networks/andria","andria","Andria in Bici","Andria","41.224346932834","16.296983922754","Italy",98287,"Italy","Europe","Europe"
"251","IT","Comunicare S.r.l.","/v2/networks/bicinquartucciu","bicinquartucciu","BicinQuartucciu","Quartucciu","39.2504314980616","9.17929642648926","Italy",11929,"Italy","Europe","Europe"
"252","IT","ClearChannel","/v2/networks/bikemi","bikemi","BikeMi","Milano","45.4654542","9.186516","Italy",1316218,"Italy","Europe","Europe"
"253","IT","Comunicare S.r.l.","/v2/networks/monopoli-bike","monopoli-bike","Monopoli BIKE","Monopoli","40.9451910944074","17.3116879953369","Italy",51414,"Italy","Europe","Europe"
"254","IT","Comunicare S.r.l.","/v2/networks/jesinbici","jesinbici","JesinBici","Jesi","43.522601","13.244448","Italy",39831,"Italy","Europe","Europe"
"255","IT","Comunicare S.r.l.","/v2/networks/bicincitta-borgarello","bicincitta-borgarello","Bicincittà","Borgarello","45.2396375344017","9.13615047564087","Italy",71511,"Italy","Europe","Europe"
"256","IT","Comunicare S.r.l.","/v2/networks/brindisi","brindisi","BrindisiByBike","Brindisi","40.6375803199361","17.9407745470826","Italy",87188,"Italy","Europe","Europe"
"257","IT","Comunicare S.r.l.","/v2/networks/e-motion-rovereto","e-motion-rovereto","e.motion","Rovereto","45.8871066106154","11.0422427518676","Italy",36123,"Italy","Europe","Europe"
"258","IT","Comunicare S.r.l.","/v2/networks/bicincitta-mantova","bicincitta-mantova","Bicincittà","Mantova","45.1586637076463","10.7837189730163","Italy",48013,"Italy","Europe","Europe"
"259","IT","Comunicare S.r.l.","/v2/networks/we-love-bike","we-love-bike","We LOve bike","Provincia di Lodi","45.1249548189115","9.65168810693355","Italy",15357,"Italy","Europe","Europe"
"260","IT","Comunicare S.r.l.","/v2/networks/bicincitta-gaeta","bicincitta-gaeta","Bicincittà","Gaeta","41.209620965538","13.5843351256561","Italy",21732,NA,NA,NA
"261","IT","Comunicare S.r.l.","/v2/networks/bicincitta-tortoli","bicincitta-tortoli","Bicincittà","Tortolì","39.926644898522","9.65495357077793","Italy",36713,"Italy","Europe","Europe"
"262","IT","Comunicare S.r.l.","/v2/networks/cagliari","cagliari","Cagliari","Cagliari","39.220817","9.121399","Italy",159169,"Italy","Europe","Europe"
"263","IT","Comunicare S.r.l.","/v2/networks/oderzo","oderzo","Oderzo","Oderzo","45.7797646","12.4973111","Italy",19483,"Italy","Europe","Europe"
"264","IT","Comunicare S.r.l.","/v2/networks/pontedera","pontedera","Pontedera","Pontedera","43.6625156","10.6363586","Italy",27915,"Italy","Europe","Europe"
"265","IT","Comunicare S.r.l.","/v2/networks/carbonia","carbonia","Carbonia","Carbonia","39.167222","8.522222","Italy",30512,"Italy","Europe","Europe"
"266","IT","Comunicare S.r.l.","/v2/networks/speziainbici","speziainbici","Speziainbici","La Spezia","44.1024504","9.8240826","Italy",95215,"Italy","Europe","Europe"
"267","IT","Comunicare S.r.l.","/v2/networks/chivasso","chivasso","Chivasso","Chivasso","45.189765","7.888935","Italy",23626,"Italy","Europe","Europe"
"268","IT","Comunicare S.r.l.","/v2/networks/venezia","venezia","Venezia","Venezia","45.4408474","12.3155151","Italy",270277,NA,NA,NA
"269","IT","Comunicare S.r.l.","/v2/networks/ciclopi","ciclopi","Ciclopi","Pisa","43.7228386","10.4016888","Italy",87401,"Italy","Europe","Europe"
"270","IT","Comunicare S.r.l.","/v2/networks/pistoiainbici","pistoiainbici","PistoiainBici","Pistoia","43.9303475","10.9078587","Italy",85569,"Italy","Europe","Europe"
"271","IT","Comunicare S.r.l.","/v2/networks/bicischio","bicischio","BiciSchio","Schio","45.7170517","11.3597702","Italy",39224,"Italy","Europe","Europe"
"272","IT","Comunicare S.r.l.","/v2/networks/casalmaggiore","casalmaggiore","Casalmaggiore","Casalmaggiore","44.983499","10.419245","Italy",14443,"Italy","Europe","Europe"
"273","IT","Comunicare S.r.l.","/v2/networks/terni","terni","Terni","Terni","42.5636168","12.6426604","Italy",111580,"Italy","Europe","Europe"
"274","IT","Comunicare S.r.l.","/v2/networks/piacenza","piacenza","Piacenza","Piacenza","45.0473754","9.6865813","Italy",100969,"Italy","Europe","Europe"
"275","IT","Comunicare S.r.l.","/v2/networks/rimini","rimini","Rimini","Rimini","44.0570817","12.5646003","Italy",137582,"Italy","Europe","Europe"
"276","IT","Comunicare S.r.l.","/v2/networks/savona","savona","Savona","Savona","44.2951644439724","8.46312670898443","Italy",62583,"Italy","Europe","Europe"
"277","IT","Comunicare S.r.l.","/v2/networks/olbia-bike","olbia-bike","Olbia Bike","Olbia","40.9240543","9.4994397","Italy",50008,"Italy","Europe","Europe"
"278","IT","Comunicare S.r.l.","/v2/networks/goodbike","goodbike","GoodBike","Padova","45.4064349","11.8767611","Italy",213469,"Italy","Europe","Europe"
"279","IT","Comunicare S.r.l.","/v2/networks/pavia-in-bici","pavia-in-bici","Pavia in bici","Pavia","45.1847248","9.1582069","Italy",71511,"Italy","Europe","Europe"
"280","IT","Comunicare S.r.l.","/v2/networks/bici-perugia","bici-perugia","Bici Perugia","Perugia","43.1107168","12.3908279","Italy",161810,"Italy","Europe","Europe"
"281","IT","Comunicare S.r.l.","/v2/networks/parma","parma","Parma","Parma","44.801485","10.3279036","Italy",179798,"Italy","Europe","Europe"
"282","IT","Comunicare S.r.l.","/v2/networks/manerba-in-bici","manerba-in-bici","Manerba in Bici","Manerba del Garda","45.561179","10.559406","Italy",26869,"Italy","Europe","Europe"
"283","IT","Comunicare S.r.l.","/v2/networks/alba","alba","Alba","Alba","44.716667","8.083333","Italy",30168,"Italy","Europe","Europe"
"284","IT","Comunicare S.r.l.","/v2/networks/e-motion-pergine-valsugana","e-motion-pergine-valsugana","e.motion","Pergine Valsugana","46.060504190014","11.2390416941955","Italy",18353,"Italy","Europe","Europe"
"285","IT","Comunicare S.r.l.","/v2/networks/treviso","treviso","Treviso","Treviso","45.6669011","12.243039","Italy",83269,"Italy","Europe","Europe"
"286","IT","Comunicare S.r.l.","/v2/networks/bici-in-busto","bici-in-busto","Bici in Busto","Busto Arsizio","45.610555","8.852062","Italy",81157,"Italy","Europe","Europe"
"287","IT","Comunicare S.r.l.","/v2/networks/bigi","bigi","BiGi","Bergamo","45.695","9.67","Italy",117689,"Italy","Europe","Europe"
"288","IT","Comunicare S.r.l.","/v2/networks/free-bike-sharing","free-bike-sharing","FRee Bike sharing","Frosinone","41.645081","13.342123","Italy",49055,"Italy","Europe","Europe"
"289","IT","Comunicare S.r.l.","/v2/networks/cuneo","cuneo","Cuneo","Cuneo","44.384238","7.541428","Italy",56333,"Italy","Europe","Europe"
"290","IT","Comunicare S.r.l.","/v2/networks/ascoli-piceno","ascoli-piceno","Ascoli Piceno","Ascoli Piceno","42.85","13.583333","Italy",52024,"Italy","Europe","Europe"
"291","IT","Comunicare S.r.l.","/v2/networks/bicincitta-assemini","bicincitta-assemini","Bicincittà","Assemini","39.2895630600768","9.00660155529476","Italy",26170,"Italy","Europe","Europe"
"292","IT","Comunicare S.r.l.","/v2/networks/biella","biella","Biella","Biella","45.5775","8.051111","Italy",46588,"Italy","Europe","Europe"
"293","IT","Comunicare S.r.l.","/v2/networks/arbike","arbike","ARbike","Arezzo","43.473333","11.87","Italy",96304,"Italy","Europe","Europe"
"294","IT","Comunicare S.r.l.","/v2/networks/scegli-in-bici","scegli-in-bici","Scegli in Bici","Cremona","45.1349141048641","10.0222648619018","Italy",71795,"Italy","Europe","Europe"
"295","IT","Comunicare S.r.l.","/v2/networks/prato","prato","Prato","Prato","43.8777049","11.102228","Italy",182200,"Italy","Europe","Europe"
"296","IT","Comunicare S.r.l.","/v2/networks/meglio-in-bici","meglio-in-bici","Meglio in Bici","Cernusco sul Naviglio - Pioltello - Carugate","45.520541","9.341984","Italy",29688,"Italy","Europe","Europe"
"297","IT","Comunicare S.r.l.","/v2/networks/sandonadipiave","sandonadipiave","San Donà di Piave","San Donà di Piave","45.633185","12.5654299","Italy",39611,"Italy","Europe","Europe"
"298","IT","Comunicare S.r.l.","/v2/networks/gimme-bike","gimme-bike","Gimme Bike","Varese","45.8183902","8.823913","Italy",85277,"Italy","Europe","Europe"
"299","IT","Comunicare S.r.l.","/v2/networks/reggio-emilia","reggio-emilia","Reggio Emilia","Reggio Emilia","44.6989932","10.6296859","Italy",162932,"Italy","Europe","Europe"
"300","IT","Comunicare S.r.l.","/v2/networks/to-bike","to-bike","[TO]BIKE","Torino","45.070982","7.685676","Italy",873123,"Italy","Europe","Europe"
"301","IT","Comunicare S.r.l.","/v2/networks/bicincitta-pizzighettone-formigara","bicincitta-pizzighettone-formigara","Bicincittà","Pizzighettone e Formigara","45.1867488191674","9.77808794847942","Italy",15357,"Italy","Europe","Europe"
"302","IT","Comunicare S.r.l.","/v2/networks/noviligure","noviligure","Novi Ligure","Novi Ligure","44.7620048","8.7858956","Italy",28756,"Italy","Europe","Europe"
"303","IT","Comunicare S.r.l.","/v2/networks/bici-co","bici-co","BICI&CO","Como","45.8080597","9.0851765","Italy",85276,"Italy","Europe","Europe"
"304","IT","Comunicare S.r.l.","/v2/networks/ustica","ustica","Ustica","Ustica","38.7031179","13.1682675","Italy",30373,NA,NA,NA
"305","IT","Comunicare S.r.l.","/v2/networks/bicincitta-carrara","bicincitta-carrara","Bicincittà","Carrara","44.0773180555089","10.0971724504013","Italy",65348,"Italy","Europe","Europe"
"306","IT","Comunicare S.r.l.","/v2/networks/bra","bra","Bra","Bra","44.694224","7.854795","Italy",29257,"Italy","Europe","Europe"
"307","IT","Comunicare S.r.l.","/v2/networks/bicimia","bicimia","BiciMia","Brescia","45.5398382","10.2229562","Italy",194543,"Italy","Europe","Europe"
"308","IT","Comunicare S.r.l.","/v2/networks/tirano-in-bici","tirano-in-bici","Tirano in Bici","Tirano","46.216168","10.1696056","Italy",3402,"Italy","Europe","Europe"
"309","IT","Comunicare S.r.l.","/v2/networks/tradate","tradate","Tradate","Tradate","45.7093857672016","8.91599339160155","Italy",16291,"Italy","Europe","Europe"
"310","IT","Comunicare S.r.l.","/v2/networks/pordenone","pordenone","Pordenone","Pordenone","45.9479010166339","12.6744910202515","Italy",51937,"Italy","Europe","Europe"
"311","IT","Comunicare S.r.l.","/v2/networks/bariinbici","bariinbici","Bari in Bici","Bari","41.125278","16.866667","Italy",310787,"Italy","Europe","Europe"
"312","IT","Comunicare S.r.l.","/v2/networks/bicincitta-cernobbio","bicincitta-cernobbio","Bicincittà","Cernobbio","45.8374594706749","9.07359185781092","Italy",85276,"Italy","Europe","Europe"
"313","IT","Comunicare S.r.l.","/v2/networks/pinerolo","pinerolo","Pinerolo","Pinerolo","44.8850256","7.3499953","Italy",34524,"Italy","Europe","Europe"
"314","IT","Comunicare S.r.l.","/v2/networks/notoinbici","notoinbici","NotoinBici","Noto","36.8894377548399","15.0746583938599","Italy",23459,"Italy","Europe","Europe"
"315","IT","Comunicare S.r.l.","/v2/networks/roma-n-bike","roma-n-bike","Roma'n'Bike","Roma","41.8929163","12.4825199","Italy",2561181,"Italy","Europe","Europe"
"316","IT","Comunicare S.r.l.","/v2/networks/villorba","villorba","Villorba","Villorba","45.7411227","12.2343848","Italy",17936,"Italy","Europe","Europe"
"317","IT","Comunicare S.r.l.","/v2/networks/vercelli","vercelli","Vercelli","Vercelli","45.3202272","8.4185735","Italy",44777,"Italy","Europe","Europe"
"318","IT","Comunicare S.r.l.","/v2/networks/sondrio","sondrio","Sondrio","Sondrio","46.1698583","9.8787674","Italy",21846,"Italy","Europe","Europe"
"319","IT","Comunicare S.r.l.","/v2/networks/parkinbici","parkinbici","Parkinbici","Ischitella – Peschici – Rodi Garganico – Vico del Gargano","41.833502","16.037292","Italy",13667,"Italy","Europe","Europe"
"320","IT","Comunicare S.r.l.","/v2/networks/novara","novara","Novara","Novara","45.44574","8.622165","Italy",103874,"Italy","Europe","Europe"
"321","IT","Comunicare S.r.l.","/v2/networks/mar-e-bici","mar-e-bici","Mar e Bici","Marciana Marina","42.805855","10.196514","Italy",12312,"Italy","Europe","Europe"
"322","IT","Comunicare S.r.l.","/v2/networks/prata-camportaccio","prata-camportaccio","Prata Camportaccio","Prata Camportaccio","46.3042146","9.3964914","Italy",11608,"Italy","Europe","Europe"
"323","IT","Comunicare S.r.l.","/v2/networks/ugento","ugento","Ugento","Ugento","39.9273518","18.1582962","Italy",12411,"Italy","Europe","Europe"
"324","IT","Comunicare S.r.l.","/v2/networks/lecco","lecco","Lecco","Lecco","45.853554","9.392366","Italy",46966,"Italy","Europe","Europe"
"325","IT","Comunicare S.r.l.","/v2/networks/mimuovofe","mimuovofe","MiMuovoFe","Ferrara","44.8350382","11.6240562","Italy",131805,"Italy","Europe","Europe"
"326","IT","Comunicare S.r.l.","/v2/networks/bicincitta-montecatini-terme","bicincitta-montecatini-terme","Bicincittà","Montecatini Terme","43.8836279166508","10.7643856565918","Italy",21168,"Italy","Europe","Europe"
"327","IT","Comunicare S.r.l.","/v2/networks/bianzone-in-bici","bianzone-in-bici","Bianzone in Bici","Bianzone","46.188197","10.109354","Italy",3402,"Italy","Europe","Europe"
"328","IT","Comunicare S.r.l.","/v2/networks/enna","enna","Enna","Enna","37.5634257266478","14.2797374725342","Italy",28151,"Italy","Europe","Europe"
"329","IT","Comunicare S.r.l.","/v2/networks/castellucchio","castellucchio","Castellucchio","Castellucchio","45.1504782158296","10.6512022018433","Italy",12760,"Italy","Europe","Europe"
"330","IT","Comunicare S.r.l.","/v2/networks/lecce","lecce","lecce","Lecce","40.3504035092806","18.1778240203857","Italy",94841,"Italy","Europe","Europe"
"331","IT","Comunicare S.r.l.","/v2/networks/bassanodelgrappa","bassanodelgrappa","Bassano del Grappa","Bassano del Grappa","45.768611","11.736667","Italy",42386,"Italy","Europe","Europe"
"332","IT","Comunicare S.r.l.","/v2/networks/gobike","gobike","GoBike","Siracusa","37.0754739","15.2865861","Italy",123309,"Italy","Europe","Europe"
"333","IT","Comunicare S.r.l.","/v2/networks/bicincitta-parco-dei-colli-di-bergamo","bicincitta-parco-dei-colli-di-bergamo","Bicincittà","Parco dei Colli di Bergamo","45.7229563703224","9.64923007301638","Italy",117689,"Italy","Europe","Europe"
"334","IT","Comunicare S.r.l.","/v2/networks/bicincitta-siena","bicincitta-siena","Bicincittà","Siena","43.3186","11.3306","Italy",55475,"Italy","Europe","Europe"
"335","IT","Comunicare S.r.l.","/v2/networks/e-motion-trento","e-motion-trento","e.motion","Trento","46.0664320582352","11.1221453903519","Italy",112925,"Italy","Europe","Europe"
"336","IT","CleaNap","/v2/networks/bike-sharing-napoli","bike-sharing-napoli","Bike Sharing Napoli","Napoli","40.8517746","14.2681244","Italy",983614,"Italy","Europe","Europe"
"337","IT","Comunicare S.r.l.","/v2/networks/sellero","sellero","Sellero","Sellero","46.0630476544641","10.3534340858459","Italy",14957,"Italy","Europe","Europe"
"338","IT","Comunicare S.r.l.","/v2/networks/saluzzo","saluzzo","Saluzzo","Saluzzo","44.6445404","7.4927355","Italy",16440,"Italy","Europe","Europe"
"339","IT","Comunicare S.r.l.","/v2/networks/mobike","mobike","MoBike","Genova","44.4043008937273","8.92908986230462","Italy",599064,NA,NA,NA
"340","IT","Comunicare S.r.l.","/v2/networks/longanoinbici","longanoinbici","LonganoinBici","Barcellona Pozzo di Gotto","38.1498125179443","15.2121162414551","Italy",41254,"Italy","Europe","Europe"
"341","IT","Comunicare S.r.l.","/v2/networks/biciamo","biciamo","BICIamo","Cantù","45.73626","9.12569","Italy",37156,"Italy","Europe","Europe"
"342","IT","Comunicare S.r.l.","/v2/networks/savigliano","savigliano","Savigliano","Savigliano","44.6470327","7.6624635","Italy",20726,"Italy","Europe","Europe"
"343","IT","Comunicare S.r.l.","/v2/networks/cassano-d-adda","cassano-d-adda","Cassano d'Adda","Cassano d'Adda","45.5309616","9.5155813","Italy",17846,"Italy","Europe","Europe"
"344","IT","Comunicare S.r.l.","/v2/networks/civitavecchia","civitavecchia","Civitavecchia","Civitavecchia","42.0937524","11.7922462","Italy",51311,NA,NA,NA
"345","IT","Comunicare S.r.l.","/v2/networks/settimotorinese","settimotorinese","Settimo Torinese","Settimo Torinese","45.139586","7.7709784","Italy",47579,"Italy","Europe","Europe"
"346","IT","Comunicare S.r.l.","/v2/networks/rietinbici","rietinbici","Rietinbici","Rieti","42.4026239738317","12.8609991073608","Italy",48613,"Italy","Europe","Europe"
"347","IT","Comunicare S.r.l.","/v2/networks/tigullionbike","tigullionbike","Tigullionbike","Sestri Levante - Lavagna","44.272554","9.395714","Italy",18519,"Italy","Europe","Europe"
"348","IT","Comunicare S.r.l.","/v2/networks/portofino-park-and-bike","portofino-park-and-bike","Portofino Park and Bike","Santa Margherita Ligure - Portofino - Camogli","44.335084","9.211264","Italy",30862,"Italy","Europe","Europe"
"349","IT","Comunicare S.r.l.","/v2/networks/udine","udine","Udine","Udine","46.0710668","13.2345794","Italy",97037,"Italy","Europe","Europe"
"350","JP","JCDecaux","/v2/networks/toyama-cyclocity","toyama-cyclocity","cyclocity","富山市","36.6959518","137.2136768","Japan",325528,"Japan","Asia","Asia"
"351","KZ","Velobike.kz, LLP<br/>Smoove","/v2/networks/velobike","velobike","Velobike","Astana","51.166667","71.416667","Kazakhstan",351343,"Kazakhstan","Asia","Asia"
"352","LT","JCDecaux","/v2/networks/vilnius-cyclocity","vilnius-cyclocity","Cyclocity","Vilnius","54.6871555","25.2796514","Lithuania",542014,"Lithuania","Europe","Europe"
"353","LU","JCDecaux","/v2/networks/veloh","veloh","Veloh","Luxembourg","49.6301025","6.1520185","Luxembourg",2198,"Luxembourg","Europe","Europe"
"354","LV","Nextbike GmbH","/v2/networks/sixt-latvia-riga","sixt-latvia-riga","SiXT","Rīga","56.9453","24.1033","Latvia",738386,"Latvia","Europe","Europe"
"355","LV","Nextbike GmbH","/v2/networks/sixt-latvia-jurmala","sixt-latvia-jurmala","SiXT","Jūrmala","56.9732","23.8225","Latvia",53783,"Latvia","Europe","Europe"
"356","MX","ClearChannel","/v2/networks/ecobici","ecobici","EcoBici","Cd de México","19.4326077","-99.133208","Mexico",8659409,"Mexico","South America","South America"
"357","NL","Gobike A/S","/v2/networks/nu-connect","nu-connect","Nu-Connect","Utrecht","52.117","5.067","Netherlands",280559,"Netherlands","Europe","Europe"
"358","NO","JCDecaux","/v2/networks/bysykkel-lillestrom","bysykkel-lillestrom","Bysykkel","Lillestrøm","59.9559696","11.0503785","Norway",1206,"Norway","Europe","Europe"
"359","NO","Gobike A/S","/v2/networks/bysykkelen","bysykkelen","Bysykkelen","Stavanger","58.969975","5.733107","Norway",174944,"Norway","Europe","Europe"
"360","NZ","Nextbike GmbH","/v2/networks/nextbike-christchurch","nextbike-christchurch","Nextbike","Christchurch","-43.5341","172.621","New Zealand",369250,"New Zealand","Australia","Australia"
"361","NZ","Nextbike GmbH","/v2/networks/nextbike-cambridge","nextbike-cambridge","Nextbike","Cambridge","-37.8914","175.472","New Zealand",15638,"New Zealand","Australia","Australia"
"362","NZ","Nextbike GmbH","/v2/networks/nextbike-auckland","nextbike-auckland","Nextbike","Auckland","-36.8603","174.763","New Zealand",429918,"New Zealand","Australia","Australia"
"363","PL","Bike U Sp. z o.o.","/v2/networks/bbbike","bbbike","BBBike","Bielsko-Biała","49.8225","19.044444","Poland",176048,"Poland","Europe","Europe"
"364","PL","Nextbike GmbH","/v2/networks/city-by-bike","city-by-bike","City By Bike","Katowice","50.2534","19.0266","Poland",314322,"Poland","Europe","Europe"
"365","PL","Nextbike GmbH","/v2/networks/biker-bialystok","biker-bialystok","BiKeR","Białystok","53.1299","23.1564","Poland",292223,"Poland","Europe","Europe"
"366","PL","Nextbike GmbH","/v2/networks/lodzki-rower-publiczny","lodzki-rower-publiczny","Łódzki Rower Publiczny","Łódź","51.7592485","19.4559833","Poland",762615,"Poland","Europe","Europe"
"367","PL","Nextbike GmbH","/v2/networks/wroclawski-rower-miejski","wroclawski-rower-miejski","Rower Miejski","Wrocław","51.1097","17.0485","Poland",633276,"Poland","Europe","Europe"
"368","PL","Bike U Sp. z o.o.","/v2/networks/bikeu-bra","bikeu-bra","Bydgoski rower aglomeracyjny","Bydgoszcz","53.12193","18.00038","Poland",364268,"Poland","Europe","Europe"
"369","PL","Nextbike GmbH","/v2/networks/bikes-srm","bikes-srm","Szczeciński rower miejski","Szczecin","53.438056","14.542222","Poland",413356,"Poland","Europe","Europe"
"370","PL","Nextbike GmbH","/v2/networks/rower-gminny-poland-juchnowiec-koscielny","rower-gminny-poland-juchnowiec-koscielny","ROWER GMINNY","Juchnowiec Kościelny","53.0928","23.1204","Poland",292223,"Poland","Europe","Europe"
"371","PL","Nextbike GmbH","/v2/networks/bemowo-bike","bemowo-bike","Bemowo Bike","Warszawa","52.2606","20.929","Poland",23170,"Poland","Europe","Europe"
"372","PL","Nextbike GmbH","/v2/networks/kmk-bike","kmk-bike","KMK Bike","Kraków","50.0395","19.9374","Poland",753829,"Poland","Europe","Europe"
"373","PL","Nextbike GmbH","/v2/networks/veturilo","veturilo","VETURILO","Warszawa","52.2345","21.0024","Poland",1634441,"Poland","Europe","Europe"
"374","PL","Nextbike GmbH","/v2/networks/opole-bike","opole-bike","Opole Bike","Opole","50.6645","17.9276","Poland",127112,"Poland","Europe","Europe"
"375","PL","Nextbike GmbH","/v2/networks/poznanski-rower-miejski","poznanski-rower-miejski","Rower Miejski","Poznań","52.4116","16.9258","Poland",567957,"Poland","Europe","Europe"
"376","PL","Nextbike GmbH","/v2/networks/grm-grodzisk-poland-grodzisk-mazowiecki","grm-grodzisk-poland-grodzisk-mazowiecki","GRM","Grodzisk Mazowiecki","52.113","20.6265","Poland",26959,"Poland","Europe","Europe"
"377","PL","Nextbike GmbH","/v2/networks/lrm-lublin-poland-lublin","lrm-lublin-poland-lublin","LRM","Lublin","51.2597","22.5658","Poland",361119,"Poland","Europe","Europe"
"378","PL","Nextbike GmbH","/v2/networks/konstancinski-rower-miejski","konstancinski-rower-miejski","Rower Miejski","Konstancin","52.0879","21.1075","Poland",16637,"Poland","Europe","Europe"
"379","RO","Municipiul Cluj-Napoca","/v2/networks/clujbike","clujbike","Cluj Bike","Cluj-Napoca","46.775","23.5975","Romania",316129,"Romania","Europe","Europe"
"380","RU","JCDecaux","/v2/networks/velik","velik","Veli'k","Казань","55.7949414","49.1050445","Russian Federation",1104802,"Russia","Europe","Europe"
"381","RU","ЗАО «СитиБайк»","/v2/networks/velobike-moscow","velobike-moscow","Velobike","Moscow","55.75","37.616667","Russian Federation",10472629,"Russia","Europe","Europe"
"382","SA","Nextbike GmbH","/v2/networks/ibike-saudi-arabia-king-abdullah-economic-city","ibike-saudi-arabia-king-abdullah-economic-city","iBike","King Abdullah Economic City","22.3113","39.1031","Saudi Arabia",8360,"Saudi Arabia","Asia","Asia"
"383","SE","ClearChannel","/v2/networks/malmobybike","malmobybike","Malmö by bike","Malmö","55.605","13.0038","Sweden",264175,"Sweden","Europe","Europe"
"384","SE","JCDecaux","/v2/networks/stockholm-cyclocity","stockholm-cyclocity","Cyclocity","Stockholm","59.32893","18.06491","Sweden",1260712,NA,NA,NA
"385","SE","JCDecaux","/v2/networks/lundahoj","lundahoj","Lundahoj","Lund","55.7046601","13.1910073","Sweden",76738,"Sweden","Europe","Europe"
"386","SE","JCDecaux","/v2/networks/goeteborg","goeteborg","Styr & Ställ","Göteborg","57.70887","11.97456","Sweden",518990,"Sweden","Europe","Europe"
"387","SI","JCDecaux","/v2/networks/bicikelj","bicikelj","Bicikelj","Ljubljana","46.0564509","14.5080702","Slovenia",254188,"Slovenia","Europe","Europe"
"388","TH","BTS Group Holdings","/v2/networks/punpunbikeshare","punpunbikeshare","Pun Pun Bike Share","Bangkok","13.75","100.516667","Thailand",4935988,"Thailand","Asia","Asia"
"389","TR","Nextbike GmbH","/v2/networks/nextbike-konya","nextbike-konya","Nextbike","Konya","37.8715","32.4957","Turkey",903797,"Turkey","Europe","Europe"
"390","TR","Baksi Bike Sharing System","/v2/networks/baksi-bisim","baksi-bisim","Baksi","Izmir","38.4134047464","27.0325753524","Turkey",2557851,NA,NA,NA
"391","TR","Baksi Bike Sharing System","/v2/networks/baksi-antalya","baksi-antalya","Baksi","Antalya","36.862048","30.638866","Turkey",792373,"Turkey","Europe","Europe"
"392","TR","Baksi Bike Sharing System","/v2/networks/baksi-kobis","baksi-kobis","Baksi","Kocaeli","40.7674733342","29.9755885985","Turkey",196247,"Turkey","Europe","Europe"
"393","TR","Baksi Bike Sharing System","/v2/networks/baksi-istanbul","baksi-istanbul","Isbike","Istanbul","40.9696887925","29.0475373717","Turkey",10034830,NA,NA,NA
"394","TR","Nextbike GmbH","/v2/networks/karbis-turkey-seferihisar","karbis-turkey-seferihisar","KARBIS","Seferihisar","38.1962","26.8386","Turkey",20254,"Turkey","Europe","Europe"
"395","TW","Taipei City Government<br/>Giant Manufacturing Co. Ltd.","/v2/networks/youbike-taichung","youbike-taichung","YouBike","臺中市 Taichung City","24.1477358","120.6736482","Taiwan, Province of China",1103794,"Taiwan","Asia","Asia"
"396","TW","Taipei City Government<br/>Giant Manufacturing Co. Ltd.","/v2/networks/youbike-changhua","youbike-changhua","YouBike","彰化 Changhua County","24.0517963","120.5161352","Taiwan, Province of China",227178,"Taiwan","Asia","Asia"
"397","TW","Taipei City Government<br/>Giant Manufacturing Co. Ltd.","/v2/networks/youbike-taipei","youbike-taipei","YouBike","台北市 Taipei City","25.0329636","121.5654268","Taiwan, Province of China",206284,"Taiwan","Asia","Asia"
"398","TW","Taipei City Government<br/>Giant Manufacturing Co. Ltd.","/v2/networks/youbike-taoyuan","youbike-taoyuan","YouBike","桃園市 Taoyuan City","24.9936281","121.3009798","Taiwan, Province of China",386196,"Taiwan","Asia","Asia"
"399","TW","Taipei City Government<br/>Giant Manufacturing Co. Ltd.","/v2/networks/youbike-new-taipei","youbike-new-taipei","YouBike","新北市 New Taipei","25.0169826","121.4627868","Taiwan, Province of China",2491662,"Taiwan","Asia","Asia"
"400","US","CycleHop, LLC<br/>Social Bicycles Inc.","/v2/networks/juice-bike-share","juice-bike-share","Juice","Orlando, FL","28.5366633117437","-81.3792219758034","United States",211226,"United States of America","North America","North America"
"401","US","CycleHop, LLC<br/>Social Bicycles Inc.","/v2/networks/grid-bike-share","grid-bike-share","Grid Bike Share","Phoenix, AZ","33.4591031356657","-112.074010667085","United States",1450884,"United States of America","North America","North America"
"402","US","Social Bicycles Inc.","/v2/networks/sobi-long-beach","sobi-long-beach","SoBi","Long Beach, NY","40.5833058203002","-73.6482682794673","United States",43377,NA,NA,NA
"403","US","Motivate International, Inc.<br/>PBSC Urban Solutions","/v2/networks/hubway","hubway","Hubway","Boston, MA","42.3584308","-71.0597732","United States",567759,"United States of America","North America","North America"
"404","US","Trek Bicycle Corporation<br/>Humana<br/>Crispin Porter + Bogusky","/v2/networks/catbike","catbike","CAT Bike","Savannah, GA","32.016667","-81.116667","United States",124898,"United States of America","North America","North America"
"405","US","Motivate International, Inc.<br/>PBSC Urban Solutions","/v2/networks/divvy","divvy","Divvy","Chicago, IL","41.8781136","-87.6297982","United States",2830144,"United States of America","North America","North America"
"406","US","DecoBike LLC","/v2/networks/decobike-miami-beach","decobike-miami-beach","Citi Bike Miami","Miami Beach, FL","25.790654","-80.1300455","United States",89531,NA,NA,NA
"407","US","Trek Bicycle Corporation<br/>Humana<br/>Crispin Porter + Bogusky","/v2/networks/battlecreek","battlecreek","Battle Creek B-cycle","Battle Creek, MI","42.32423","-85.18833","United States",54179,"United States of America","North America","North America"
"408","US","Nice Ride Minnesota","/v2/networks/nice-ride","nice-ride","Nice Ride","Minneapolis, MN","44.983334","-93.26667","United States",364726,"United States of America","North America","North America"
"409","US","Mountain Rides<br/>Social Bicycles Inc.","/v2/networks/mountain-rides-bike-share","mountain-rides-bike-share","Mountain Rides Bike Share","Ketchum / Sun Valley, ID","43.5194695168239","-114.317415758737","United States",39383,"United States of America","North America","North America"
"410","US","Motivate International, Inc.<br/>PBSC Urban Solutions","/v2/networks/capital-bikeshare","capital-bikeshare","Capital BikeShare","Washington, DC","38.8967584","-77.0370163","United States",548359,"United States of America","North America","North America"
"411","US","BCycle, LLC","/v2/networks/sanantonio","sanantonio","San Antonio B-cycle","San Antonio, TX","29.43701","-98.48236","United States",1278171,"United States of America","North America","North America"
"412","US","BCycle, LLC","/v2/networks/omaha","omaha","Heartland B-cycle","Omaha, NE","41.25832","-96.00853","United States",417809,"United States of America","North America","North America"
"413","US","Trek Bicycle Corporation<br/>Humana<br/>Crispin Porter + Bogusky","/v2/networks/nashville","nashville","Nashville B-cycle","Nashville, TN","36.1666667","-86.7833333","United States",523547,"United States of America","North America","North America"
"414","US","Los Angeles County Metropolitan Transportation Authority (Metro)<br/>Bicycle Transit Systems<br/>BCycle, LLC","/v2/networks/metro-bike-share","metro-bike-share","Metro Bike Share","Los Angeles, CA","34.04855","-118.25905","United States",64308,"United States of America","North America","North America"
"415","US","BCycle, LLC","/v2/networks/kansascity","kansascity","B-cycle","Kansas City, MO","39.0999","-94.5857","United States",441833,"United States of America","North America","North America"
"416","US","BCycle, LLC","/v2/networks/indiana-pacers-bikeshare","indiana-pacers-bikeshare","Indiana Pacers Bikeshare","Indianapolis, IN","39.76593","-86.16216","United States",771725,"United States of America","North America","North America"
"417","US","PBSC<br/>Alta Bicycle Share, Inc","/v2/networks/bike-chattanooga","bike-chattanooga","Bike Chattanooga","Chattanooga, TN","35.0456297","-85.3096801","United States",153617,"United States of America","North America","North America"
"418","US","BCycle, LLC","/v2/networks/madison","madison","B-cycle","Madison, WI","43.07571","-89.38527","United States",227642,"United States of America","North America","North America"
"419","US","BCycle, LLC","/v2/networks/linkdayton","linkdayton","Link","Dayton, OH","39.75626","-84.21119","United States",157607,"United States of America","North America","North America"
"420","US","BCycle, LLC","/v2/networks/charlotte","charlotte","Charlotte B-cycle","Charlotte, NC","35.22716","-80.83855","United States",607111,"United States of America","North America","North America"
"421","US","Social Bicycles Inc.","/v2/networks/share-a-bull-bikes","share-a-bull-bikes","Share-a-Bull Bikes","University of South Florida, FL","28.060548696071","-82.4076198041439","United States",40413,"United States of America","North America","North America"
"422","US","Pronto!<br/>Alta Bicycle Share, Inc","/v2/networks/pronto-cycle-share","pronto-cycle-share","Pronto Cycle Share","Seattle, WA","47.606209","-122.332071","United States",570430,"United States of America","North America","North America"
"423","US","BCycle, LLC","/v2/networks/elpaso","elpaso","El Paso B-cycle","El Paso, TX","31.76148","-106.48507","United States",1449006,"Mexico","South America","South America"
"424","US","BCycle, LLC","/v2/networks/denver","denver","Denver B-cycle","Denver, CO","39.72055","-104.95253","United States",556575,"United States of America","North America","North America"
"425","US","CycleHop, LLC<br/>Social Bicycles Inc.","/v2/networks/britebikes","britebikes","BRiteBikes","San Ramon, CA","37.759444753878","-121.955134881881","United States",46278,"United States of America","North America","North America"
"426","US","Portland Bureau of Transportation (PBOT)<br/>Motivate International, Inc<br/>Social Bicycles Inc.","/v2/networks/biketown","biketown","BIKETOWN","Portland, OR","45.5217542329171","-122.681079357862","United States",542751,"United States of America","North America","North America"
"427","US","City of Philadelphia<br/>Bicycle Transit Systems<br/>BCycle, LLC","/v2/networks/indego","indego","Indego","Philadelphia, PA","39.95378","-75.16374","United States",80393,"United States of America","North America","North America"
"428","US","PBSC<br/>Alta Bicycle Share, Inc","/v2/networks/we-cycle","we-cycle","WE-cycle","Aspen, CO","39.194951","-106.837002","United States",46350,"United States of America","North America","North America"
"429","US","Motivate International, Inc.<br/>PBSC Urban Solutions","/v2/networks/cogo","cogo","CoGo","Columbus, OH","39.983333","-82.983333","United States",741677,"United States of America","North America","North America"
"430","US","CycleHop, LLC<br/>Social Bicycles Inc.","/v2/networks/coast-bike-share","coast-bike-share","Coast Bike Share","Tampa, FL","27.9627193250593","-82.438056400783","United States",328578,"United States of America","North America","North America"
"431","US","BCycle, LLC","/v2/networks/broward","broward","Broward B-cycle","Fort Lauderdale, FL","26.12026","-80.14819","United States",173597,"United States of America","North America","North America"
"432","US","BCycle, LLC","/v2/networks/fortworth","fortworth","Fort Worth Bike Sharing","Fort Worth, TX","32.7516","-97.32888","United States",633849,"United States of America","North America","North America"
"433","US","Social Bicycles Inc.","/v2/networks/ubike","ubike","UBike","University of Virginia, VA","38.0357625021372","-78.5072994363201","United States",41992,"United States of America","North America","North America"
"434","US","Shared Mobility Inc.<br/>Social Bicycles Inc.","/v2/networks/reddy-bike-share","reddy-bike-share","Reddy Bike Share","Buffalo, NY","42.8937384186521","-78.8718044757843","United States",276762,"United States of America","North America","North America"
"435","US","Trek Bicycle Corporation<br/>Humana<br/>Crispin Porter + Bogusky","/v2/networks/rapid-city","rapid-city","Rapid City B-cycle","Rapid City, SD","44.076","-103.228","United States",62302,"United States of America","North America","North America"
"436","US","BCycle, LLC","/v2/networks/boulder","boulder","Boulder B-cycle","Boulder, CO","40.00811","-105.26385","United States",90957,"United States of America","North America","North America"
"437","US","Nextbike GmbH","/v2/networks/skybike-west-palm-beach-west-palm-beach-florida","skybike-west-palm-beach-west-palm-beach-florida","Skybike","West Palm Beach Florida","26.7125","-80.0821","United States",95924,"United States of America","North America","North America"
"438","US","BCycle, LLC","/v2/networks/spartanburg","spartanburg","Spartanburg BCycle","Spartanburg, SC","34.94867","-81.93345","United States",55421,"United States of America","North America","North America"
"439","US","BCycle, LLC","/v2/networks/bublr-bikes","bublr-bikes","Bublr Bikes","Milkwaukee, WI","43.0369","-87.89667","United States",575250,"United States of America","North America","North America"
"440","US","BCycle, LLC","/v2/networks/cincy-red-bike","cincy-red-bike","Cincy Red Bike","Cincinnati, OH","39.10138","-84.51217","United States",301561,"United States of America","North America","North America"
"441","US","Nextbike GmbH","/v2/networks/flashfleet-kent-state-university","flashfleet-kent-state-university","Flashfleet","Kent State University","41.1491","-81.3415","United States",52223,"United States of America","North America","North America"
"442","US","Trek Bicycle Corporation<br/>Humana<br/>Crispin Porter + Bogusky","/v2/networks/columbia-county","columbia-county","Columbia County B-cycle","Evans, GA","33.5375","-82.127778","United States",192376,"United States of America","North America","North America"
"443","US","Topeka Metropolitan Transit Authority<br/>Social Bicycles Inc.","/v2/networks/topeka-metro-bikes","topeka-metro-bikes","Topeka Metro Bikes","Topeka, KS","39.0337646098385","-95.7027213202284","United States",121229,"United States of America","North America","North America"
"444","US","Trek Bicycle Corporation<br/>Humana<br/>Crispin Porter + Bogusky","/v2/networks/desmoines","desmoines","Des Moines B-cycle","Des Moines, IA","41.6005448","-93.6091064","United States",192050,"United States of America","North America","North America"
"445","US","Nextbike GmbH","/v2/networks/healthy-ride-pittsburgh-pittsburgh","healthy-ride-pittsburgh-pittsburgh","Healthy Ride","Pittsburgh","40.4459","-79.9945","United States",316272,"United States of America","North America","North America"
"446","US","BCycle, LLC","/v2/networks/greenbikeslc","greenbikeslc","GREENbike","Salt Lake City","40.76745","-111.88736","United States",177318,"United States of America","North America","North America"
"447","US","ValleyRide<br/>Social Bicycles Inc.","/v2/networks/boise-greenbike","boise-greenbike","Boise GreenBike","Boise, ID","43.6153060610528","-116.201761349309","United States",193628,"United States of America","North America","North America"
"448","US","NYC Bike Share, LLC<br/>Motivate International, Inc.<br/>PBSC Urban Solutions","/v2/networks/citi-bike-nyc","citi-bike-nyc","Citi Bike","New York, NY","40.7143528","-74.0059731","United States",39972,NA,NA,NA
"449","US","Nextbike GmbH","/v2/networks/hudsonbikeshare-hoboken","hudsonbikeshare-hoboken","Hudsonbikeshare","Hoboken","40.7447","-74.0341","United States",39972,NA,NA,NA
"450","US","BCycle, LLC","/v2/networks/greatrides","greatrides","Great Rides Bike Share","Fargo, ND","46.89248","-96.80095","United States",92396,"United States of America","North America","North America"
"451","US","DecoBike LLC","/v2/networks/decobike-san-diego","decobike-san-diego","Decobike San Diego","San Diego, CA","32.715738","-117.1610838","United States",64065,"United States of America","North America","North America"
"452","US","Clean Energy Coalition<br/>BCycle, LLC","/v2/networks/arborbike","arborbike","ArborBike","Ann Arbor, MI","42.27853","-83.74536","United States",113716,"United States of America","North America","North America"
"453","US","BCycle, LLC","/v2/networks/austin","austin","Austin B-cycle","Austin, TX","30.26408","-97.74355","United States",683404,"United States of America","North America","North America"
"454","US","Trek Bicycle Corporation<br/>Humana<br/>Crispin Porter + Bogusky","/v2/networks/greenville","greenville","Greenville B-cycle","Greenville, SC","34.8526176","-82.3940104","United States",55421,"United States of America","North America","North America"
"455","US","CycleHop, LLC<br/>Social Bicycles Inc.","/v2/networks/breeze-bike-share","breeze-bike-share","Breeze Bike Share","Santa Monica, CA","34.0178092500818","-118.496571779251","United States",89112,"United States of America","North America","North America"
"456","US","PBSC<br/>Alta Bicycle Share, Inc","/v2/networks/bay-area-bike-share","bay-area-bike-share","Bay Area Bike Share","San Francisco Bay Area, CA","37.7141454","-122.25","United States",70069,NA,NA,NA
"457","US","BCycle, LLC","/v2/networks/houston","houston","Houston B-cycle","Houston, TX","29.75983","-95.36949","United States",2043005,"United States of America","North America","North America"
"458","UY","Sistema de Transporte Metropolitano<br/>Intendencia de Montevideo","/v2/networks/movete","movete","Movete","Montevideo","-34.9011127","-56.164531399","Uruguay",1271664,"Uruguay","South America","South America"
